126157.471643,0.191,input,track,joystick_y,0
126157.476237,0.200357,input,track,joystick_y,0
