126157.471617,0.191,input,track,joystick_x,0
126157.476165,0.200357,input,track,joystick_x,0
