2731.112461,0.240927,input,track,joystick_y,0
2731.116665,0.250325,input,track,joystick_y,0
