2731.112436,0.240927,input,track,joystick_x,0
2731.116591,0.250325,input,track,joystick_x,0
